{"data":[[48.0,43.0,50.0]],"type":"pie","style":"normal","background":"#f1fcfc","labels":["Boom Server","Next Reports","ReMinder"],"labelOrientation":"horizontal","color":["#0000cc","#ff0000","#00cc66","#990099","#ffc832","#00c8c8","#f0f011","#834c14","#78800d","#e650c8"],"alpha":0.5,"colorXaxis":"#000000","colorYaxis":"#000000","showGridX":true,"showGridY":true,"tickCount":5,"showTicks":true,"title":{"text":"Project Hours","font":{"weight":"bold","size":26,"family":"SansSerif"},"color":"#000000","alignment":"center"},"xData":{"color":"#000000","font":{"weight":"normal","size":12,"family":"SansSerif"}},"yData":{"color":"#000000","font":{"weight":"normal","size":12,"family":"SansSerif"}}}