{"bg_colour":"ffffff","is_thousand_separator_disabled":0,"is_decimal_separator_comma":0,"title":{"text":"hours","style":"{font-size: 12px;color: 000000;font-family: SansSerif;text-align: center;}"},"y_axis":{"min":0,"max":10},"x_axis":{"labels":{"labels":[{"text":"Boom Server","rotate":"-24"},{"text":"Boom Server","rotate":"-24"},{"text":"Boom Server","rotate":"-24"},{"text":"Boom Server","rotate":"-24"},{"text":"Boom Server","rotate":"-24"},{"text":"Boom Server","rotate":"-24"},{"text":"Boom Server","rotate":"-24"},{"text":"Next Reports","rotate":"-24"},{"text":"Next Reports","rotate":"-24"},{"text":"Next Reports","rotate":"-24"},{"text":"Next Reports","rotate":"-24"},{"text":"Next Reports","rotate":"-24"},{"text":"Next Reports","rotate":"-24"},{"text":"Next Reports","rotate":"-24"},{"text":"ReMinder","rotate":"-24"},{"text":"ReMinder","rotate":"-24"},{"text":"ReMinder","rotate":"-24"},{"text":"ReMinder","rotate":"-24"},{"text":"ReMinder","rotate":"-24"}]}},"num_decimals":2,"is_fixed_num_decimals_forced":0,"elements":[{"type":"bar","on-show":{"type":""},"values":[{"top":2},{"top":6},{"top":10},{"top":1},{"top":6},{"top":3},{"top":8},{"top":1},{"top":3},{"top":4},{"top":7},{"top":6},{"top":1},{"top":8},{"top":3},{"top":1},{"top":2},{"top":8},{"top":2}],"colour":"0000ff"}]}